{"last_run_time": 1744615257.9699225, "last_boot_time": 1744443645.156098}